{"cameraMode":{"drawMode":0,"name":"Shaded","section":"Shading Mode"},"sceneLighting":true,"audioPlay":false,"sceneViewState":{"showFog":true,"showMaterialUpdate":true,"showSkybox":false,"showFlares":true,"showImageEffects":true,"showParticleSystems":true,"showVisualEffectGraphs":true,"m_FxEnabled":true},"in2DMode":false,"pivot":{"x":-29.502975463867189,"y":-6.310531139373779,"z":-7.072293281555176},"rotation":{"x":0.21755313873291017,"y":0.006145031191408634,"z":-0.001370592275634408,"w":0.9760382175445557},"size":4.518557548522949,"orthographic":false}