{"cameraMode":{"drawMode":0,"name":"Shaded","section":"Shading Mode"},"sceneLighting":true,"audioPlay":false,"sceneViewState":{"showFog":true,"showMaterialUpdate":true,"showSkybox":false,"showFlares":true,"showImageEffects":true,"showParticleSystems":true,"showVisualEffectGraphs":true,"m_FxEnabled":true},"in2DMode":false,"pivot":{"x":-33.63214111328125,"y":-12.13722038269043,"z":14.621955871582032},"rotation":{"x":0.19081485271453858,"y":-0.013255948200821877,"z":0.0025769395288079979,"w":0.9815341830253601},"size":11.07922077178955,"orthographic":false}